{"cameraMode":{"drawMode":0,"name":"Shaded","section":"Shading Mode"},"sceneLighting":false,"audioPlay":false,"sceneViewState":{"showFog":true,"showMaterialUpdate":false,"showSkybox":true,"showFlares":true,"showImageEffects":true,"showParticleSystems":true},"in2DMode":false,"pivot":{"x":0.028079509735107423,"y":1.6980233192443848,"z":-12.208280563354493},"rotation":{"x":-0.2709832489490509,"y":0.17691004276275636,"z":-0.05073915049433708,"w":-0.9448280334472656},"size":18.063783645629884,"orthographic":false}